,Average Trip Duration,Passholder Type
0,13.107267069375801,Monthly Pass
1,42.6127341805319,Walk-up
2,18.465555555555557,Flex Pass
