,Stat,Value
0,total_distance,66844.87164623203
1,num_trips,97825.0
2,total_avg_distance,0.683310724725091
